# id	scope	label	method	commands	source	asset-x86_64	asset-aarch64	asset-kind
node	devel	Node.js LTS	mise	node	node@lts	-	-	-
bun	devel	Bun	mise	bun	bun@latest	-	-	-
uv	devel	uv	mise	uv	uv@latest	-	-	-
go	devel	Go	mise	go	go@latest	-	-	-
mkcert	devel	mkcert	mise	mkcert	aqua:FiloSottile/mkcert@latest	-	-	-
hurl	devel	Hurl and Hurlfmt	mise	hurl hurlfmt	cargo:hurl@latest	-	-	-
supabase	devel	Supabase CLI	github	supabase	supabase/cli	supabase_%VERSION%_linux_amd64.tar.gz	supabase_%VERSION%_linux_arm64.tar.gz	archive
infisical	devel	Infisical CLI	github	infisical	Infisical/cli	cli_%VERSION%_linux_amd64.tar.gz	cli_%VERSION%_linux_arm64.tar.gz	archive
cloudflared	devel	cloudflared	github	cloudflared	cloudflare/cloudflared	cloudflared-linux-amd64	cloudflared-linux-arm64	binary
sentry-cli	devel	Sentry CLI	github	sentry-cli	getsentry/sentry-cli	sentry-cli-Linux-x86_64	sentry-cli-Linux-aarch64	binary
act	devel	act	github	act	nektos/act	act_Linux_x86_64.tar.gz	act_Linux_arm64.tar.gz	archive
sops	devel	SOPS	github	sops	getsops/sops	sops-v%VERSION%.linux.amd64	sops-v%VERSION%.linux.arm64	binary
age	devel	age and age-keygen	github	age age-keygen	FiloSottile/age	age-v%VERSION%-linux-amd64.tar.gz	age-v%VERSION%-linux-arm64.tar.gz	archive
gitleaks	devel	Gitleaks	github	gitleaks	gitleaks/gitleaks	gitleaks_%VERSION%_linux_x64.tar.gz	gitleaks_%VERSION%_linux_arm64.tar.gz	archive
osv-scanner	devel	OSV-Scanner	github	osv-scanner	google/osv-scanner	osv-scanner_linux_amd64	osv-scanner_linux_arm64	binary
semgrep	devel	Semgrep	uv-tool	semgrep	semgrep	-	-	-
devcontainer	devel	Dev Container CLI	npm	devcontainer	@devcontainers/cli	-	-	-
playwright-cli	devel	Playwright CLI	npm	playwright-cli	@playwright/cli	-	-	-
pass-cli	proton	Proton Pass CLI	pass	pass-cli	https://proton.me/download/pass-cli/versions.json	-	-	-
proton-drive	proton	Proton Drive CLI	proton-drive	proton-drive	https://proton.me/download/drive/cli/version.json	-	-	-
